{
  "4": {
    "message_id": 4,
    "sender_chat": {
      "id": -1002441287644,
      "title": "asddd",
      "type": "channel"
    },
    "chat": {
      "id": -1002441287644,
      "title": "asddd",
      "type": "channel"
    },
    "date": 1728500097,
    "document": {
      "file_name": "test.zip",
      "mime_type": "application/zip",
      "file_id": "BQACAgIAAyEFAASRgxfcAAMEZwbRglvq_GpW5p6SeSFz0cmQkrcAAtFXAALLpDFIw-asYuBYMkQ2BA",
      "file_unique_id": "AgAD0VcAAsukMUg",
      "file_size": 22
    }
  },
  "6": {
    "message_id": 6,
    "sender_chat": {
      "id": -1002441287644,
      "title": "asddd",
      "type": "channel"
    },
    "chat": {
      "id": -1002441287644,
      "title": "asddd",
      "type": "channel"
    },
    "date": 1728659575,
    "text": "q"
  },
  "7": {
    "message_id": 7,
    "sender_chat": {
      "id": -1002441287644,
      "title": "asddd",
      "type": "channel"
    },
    "chat": {
      "id": -1002441287644,
      "title": "asddd",
      "type": "channel"
    },
    "date": 1728659581,
    "forward_origin": {
      "type": "user",
      "sender_user": {
        "id": 0,
        "is_bot": false,
        "first_name": "Rustiktam",
        "username": "Rustiktam",
        "language_code": "ru"
      },
      "date": 1728659463
    },
    "forward_from": {
      "id": 0,
      "is_bot": false,
      "first_name": "Rustiktam",
      "username": "Rustiktam",
      "language_code": "ru"
    },
    "forward_date": 1728659463,
    "document": {
      "file_name": "test2.zip",
      "mime_type": "application/zip",
      "file_id": "BQACAgIAAyEFAASRgxfcAAMHZwlAfYLTiPxpvwqaBjSsp1wpBKYAAvZZAAKH61BIeHdJQefVMx42BA",
      "file_unique_id": "AgAD9lkAAofrUEg",
      "file_size": 22
    }
  },
  "8": {
    "message_id": 8,
    "sender_chat": {
      "id": -1002441287644,
      "title": "asddd",
      "type": "channel"
    },
    "chat": {
      "id": -1002441287644,
      "title": "asddd",
      "type": "channel"
    },
    "date": 1728659586,
    "document": {
      "file_name": "test4.zip",
      "mime_type": "application/zip",
      "file_id": "BQACAgIAAyEFAASRgxfcAAMIZwlAgt9YGI1YiCDJ2xvoXA1MVs8AAmdbAAL0KlFIjlLgDePp7D02BA",
      "file_unique_id": "AgADZ1sAAvQqUUg",
      "file_size": 22
    }
  },
  "9": {
    "message_id": 9,
    "sender_chat": {
      "id": -1002441287644,
      "title": "asddd",
      "type": "channel"
    },
    "chat": {
      "id": -1002441287644,
      "title": "asddd",
      "type": "channel"
    },
    "date": 1728659595,
    "document": {
      "file_name": "test3.zip",
      "mime_type": "application/zip",
      "file_id": "BQACAgIAAyEFAASRgxfcAAMJZwlAi0NPInyFPrSNnsRmBZNDSzoAAmhbAAL0KlFI2iYpkns7P_o2BA",
      "file_unique_id": "AgADaFsAAvQqUUg",
      "file_size": 22
    }
  },
  "10": {
    "message_id": 10,
    "sender_chat": {
      "id": -1002441287644,
      "title": "asddd",
      "type": "channel"
    },
    "chat": {
      "id": -1002441287644,
      "title": "asddd",
      "type": "channel"
    },
    "date": 1728659602,
    "document": {
      "file_name": "test1.zip",
      "mime_type": "application/zip",
      "file_id": "BQACAgIAAyEFAASRgxfcAAMKZwlAkhN9sHoyGcN4oJJ-NkfyY4oAAmlbAAL0KlFIPJtKzDTam202BA",
      "file_unique_id": "AgADaVsAAvQqUUg",
      "file_size": 22
    }
  },
  "58": {
    "message_id": 58,
    "sender_chat": {
      "id": -1002301839925,
      "title": "drain priv",
      "type": "channel"
    },
    "chat": {
      "id": -1002301839925,
      "title": "drain priv",
      "type": "channel"
    },
    "date": 1728665687,
    "text": "btc17kkmailpass.7z"
  },
  "59": {
    "message_id": 59,
    "sender_chat": {
      "id": -1002301839925,
      "title": "drain priv",
      "type": "channel"
    },
    "chat": {
      "id": -1002301839925,
      "title": "drain priv",
      "type": "channel"
    },
    "date": 1728665687,
    "forward_origin": {
      "type": "channel",
      "chat": {
        "id": -1002301839925,
        "title": "drain priv",
        "type": "channel"
      },
      "message_id": 2,
      "date": 1728568176
    },
    "forward_from_chat": {
      "id": -1002301839925,
      "title": "drain priv",
      "type": "channel"
    },
    "forward_from_message_id": 2,
    "forward_date": 1728568176,
    "media_group_id": "13829325503047178",
    "document": {
      "file_name": "109kkcombopack#2.7z.001",
      "mime_type": "application/x-7z-compressed",
      "file_id": "BQACAgIAAyEFAASJM0o1AAMfZwlX76IVZTy15F1k5a9i5YHDuJAAAqxcAAKZTTlISoC8v2Vr86c2BA",
      "file_unique_id": "AgADrFwAAplNOUg",
      "file_size": 1048576000
    }
  },
  "60": {
    "message_id": 60,
    "sender_chat": {
      "id": -1002301839925,
      "title": "drain priv",
      "type": "channel"
    },
    "chat": {
      "id": -1002301839925,
      "title": "drain priv",
      "type": "channel"
    },
    "date": 1728665687,
    "forward_origin": {
      "type": "channel",
      "chat": {
        "id": -1002301839925,
        "title": "drain priv",
        "type": "channel"
      },
      "message_id": 3,
      "date": 1728568176
    },
    "forward_from_chat": {
      "id": -1002301839925,
      "title": "drain priv",
      "type": "channel"
    },
    "forward_from_message_id": 3,
    "forward_date": 1728568176,
    "media_group_id": "13829325503047178",
    "document": {
      "file_name": "109kkcombopack#2.7z.002",
      "mime_type": "application/octet-stream",
      "file_id": "BQACAgIAAyEFAASJM0o1AAMgZwlX75gcpAj5qb98XXFfaBzNeegAAq5cAAKZTTlISkZ2ewf04E42BA",
      "file_unique_id": "AgADrlwAAplNOUg",
      "file_size": 314060436
    }
  },
  "61": {
    "message_id": 61,
    "sender_chat": {
      "id": -1002301839925,
      "title": "drain priv",
      "type": "channel"
    },
    "chat": {
      "id": -1002301839925,
      "title": "drain priv",
      "type": "channel"
    },
    "date": 1728665687,
    "forward_origin": {
      "type": "channel",
      "chat": {
        "id": -1002301839925,
        "title": "drain priv",
        "type": "channel"
      },
      "message_id": 4,
      "date": 1728568176
    },
    "forward_from_chat": {
      "id": -1002301839925,
      "title": "drain priv",
      "type": "channel"
    },
    "forward_from_message_id": 4,
    "forward_date": 1728568176,
    "media_group_id": "13829325503047178",
    "document": {
      "file_name": "114kk_combopack_mix@BJJAKL.7z",
      "mime_type": "application/x-7z-compressed",
      "file_id": "BQACAgIAAyEFAASJM0o1AAMhZwlX72emhf40txsX6f94ORkh2VoAArNcAAKZTTlIQKmNMZkDcHc2BA",
      "file_unique_id": "AgADs1wAAplNOUg",
      "file_size": 1317383476
    }
  },
  "62": {
    "message_id": 62,
    "sender_chat": {
      "id": -1002301839925,
      "title": "drain priv",
      "type": "channel"
    },
    "chat": {
      "id": -1002301839925,
      "title": "drain priv",
      "type": "channel"
    },
    "date": 1728665687,
    "forward_origin": {
      "type": "channel",
      "chat": {
        "id": -1002301839925,
        "title": "drain priv",
        "type": "channel"
      },
      "message_id": 5,
      "date": 1728568176
    },
    "forward_from_chat": {
      "id": -1002301839925,
      "title": "drain priv",
      "type": "channel"
    },
    "forward_from_message_id": 5,
    "forward_date": 1728568176,
    "media_group_id": "13829325503047178",
    "document": {
      "file_name": "318kk_combopack@D5VeWf.7z.001",
      "mime_type": "application/x-7z-compressed",
      "file_id": "BQACAgIAAyEFAASJM0o1AAMiZwlX70wOMRxJnD1JCo1c4NpCo6gAArtcAAKZTTlIrPgsQKcXL_s2BA",
      "file_unique_id": "AgADu1wAAplNOUg",
      "file_size": 1048576000
    }
  },
  "63": {
    "message_id": 63,
    "sender_chat": {
      "id": -1002301839925,
      "title": "drain priv",
      "type": "channel"
    },
    "chat": {
      "id": -1002301839925,
      "title": "drain priv",
      "type": "channel"
    },
    "date": 1728665688,
    "forward_origin": {
      "type": "channel",
      "chat": {
        "id": -1002301839925,
        "title": "drain priv",
        "type": "channel"
      },
      "message_id": 6,
      "date": 1728568176
    },
    "forward_from_chat": {
      "id": -1002301839925,
      "title": "drain priv",
      "type": "channel"
    },
    "forward_from_message_id": 6,
    "forward_date": 1728568176,
    "media_group_id": "13829325503047178",
    "document": {
      "file_name": "318kk_combopack@D5VeWf.7z.002",
      "mime_type": "application/octet-stream",
      "file_id": "BQACAgIAAyEFAASJM0o1AAMjZwlX7_GZJJxzNUr-C2VDIFkJg7wAAsFcAAKZTTlIW8v_zz-SJnU2BA",
      "file_unique_id": "AgADwVwAAplNOUg",
      "file_size": 1048576000
    }
  },
  "64": {
    "message_id": 64,
    "sender_chat": {
      "id": -1002301839925,
      "title": "drain priv",
      "type": "channel"
    },
    "chat": {
      "id": -1002301839925,
      "title": "drain priv",
      "type": "channel"
    },
    "date": 1728665688,
    "forward_origin": {
      "type": "channel",
      "chat": {
        "id": -1002301839925,
        "title": "drain priv",
        "type": "channel"
      },
      "message_id": 7,
      "date": 1728568176
    },
    "forward_from_chat": {
      "id": -1002301839925,
      "title": "drain priv",
      "type": "channel"
    },
    "forward_from_message_id": 7,
    "forward_date": 1728568176,
    "media_group_id": "13829325503047178",
    "document": {
      "file_name": "318kk_combopack@D5VeWf.7z.003",
      "mime_type": "application/octet-stream",
      "file_id": "BQACAgIAAyEFAASJM0o1AAMkZwlX77ACECQ3GTQFfe6ANL1nI9gAAsdcAAKZTTlI4mES7FoidSg2BA",
      "file_unique_id": "AgADx1wAAplNOUg",
      "file_size": 1048576000
    }
  },
  "65": {
    "message_id": 65,
    "sender_chat": {
      "id": -1002301839925,
      "title": "drain priv",
      "type": "channel"
    },
    "chat": {
      "id": -1002301839925,
      "title": "drain priv",
      "type": "channel"
    },
    "date": 1728665688,
    "forward_origin": {
      "type": "channel",
      "chat": {
        "id": -1002301839925,
        "title": "drain priv",
        "type": "channel"
      },
      "message_id": 8,
      "date": 1728568176
    },
    "forward_from_chat": {
      "id": -1002301839925,
      "title": "drain priv",
      "type": "channel"
    },
    "forward_from_message_id": 8,
    "forward_date": 1728568176,
    "media_group_id": "13829325503047178",
    "document": {
      "file_name": "318kk_combopack@D5VeWf.7z.004",
      "mime_type": "application/octet-stream",
      "file_id": "BQACAgIAAyEFAASJM0o1AAMlZwlX7_EfvhwC5t2Z9LvBxq4ZpGsAAspcAAKZTTlIMq_3nBvNJ-k2BA",
      "file_unique_id": "AgADylwAAplNOUg",
      "file_size": 615193844
    }
  },
  "66": {
    "message_id": 66,
    "sender_chat": {
      "id": -1002301839925,
      "title": "drain priv",
      "type": "channel"
    },
    "chat": {
      "id": -1002301839925,
      "title": "drain priv",
      "type": "channel"
    },
    "date": 1728665688,
    "forward_origin": {
      "type": "channel",
      "chat": {
        "id": -1002301839925,
        "title": "drain priv",
        "type": "channel"
      },
      "message_id": 9,
      "date": 1728568176
    },
    "forward_from_chat": {
      "id": -1002301839925,
      "title": "drain priv",
      "type": "channel"
    },
    "forward_from_message_id": 9,
    "forward_date": 1728568176,
    "media_group_id": "13829325503047178",
    "document": {
      "file_name": "bbtcap_2019.7z.001",
      "mime_type": "application/x-7z-compressed",
      "file_id": "BQACAgIAAyEFAASJM0o1AAMmZwlX78Mep0QKwe-7Kg4UwOKz7ekAAs5cAAKZTTlIxZFMw0AiEVM2BA",
      "file_unique_id": "AgADzlwAAplNOUg",
      "file_size": 1048576000
    }
  },
  "67": {
    "message_id": 67,
    "sender_chat": {
      "id": -1002301839925,
      "title": "drain priv",
      "type": "channel"
    },
    "chat": {
      "id": -1002301839925,
      "title": "drain priv",
      "type": "channel"
    },
    "date": 1728665688,
    "forward_origin": {
      "type": "channel",
      "chat": {
        "id": -1002301839925,
        "title": "drain priv",
        "type": "channel"
      },
      "message_id": 10,
      "date": 1728568176
    },
    "forward_from_chat": {
      "id": -1002301839925,
      "title": "drain priv",
      "type": "channel"
    },
    "forward_from_message_id": 10,
    "forward_date": 1728568176,
    "media_group_id": "13829325503047178",
    "document": {
      "file_name": "bbtcap_2019.7z.002",
      "mime_type": "application/octet-stream",
      "file_id": "BQACAgIAAyEFAASJM0o1AAMnZwlX79jVShmvAAEkmc2tocduEbbqAALQXAACmU05SMaUM58_YHq5NgQ",
      "file_unique_id": "AgAD0FwAAplNOUg",
      "file_size": 221555186
    }
  },
  "68": {
    "message_id": 68,
    "sender_chat": {
      "id": -1002301839925,
      "title": "drain priv",
      "type": "channel"
    },
    "chat": {
      "id": -1002301839925,
      "title": "drain priv",
      "type": "channel"
    },
    "date": 1728665688,
    "forward_origin": {
      "type": "channel",
      "chat": {
        "id": -1002301839925,
        "title": "drain priv",
        "type": "channel"
      },
      "message_id": 11,
      "date": 1728568176
    },
    "forward_from_chat": {
      "id": -1002301839925,
      "title": "drain priv",
      "type": "channel"
    },
    "forward_from_message_id": 11,
    "forward_date": 1728568176,
    "media_group_id": "13829325503047178",
    "document": {
      "file_name": "btc15kkmailpass.7z",
      "mime_type": "application/x-7z-compressed",
      "file_id": "BQACAgIAAyEFAASJM0o1AAMoZwlX7xScld9OFnMlh6di4gKFJesAAtFcAAKZTTlIRfKOtNzT6To2BA",
      "file_unique_id": "AgAD0VwAAplNOUg",
      "file_size": 195081139
    }
  },
  "69": {
    "message_id": 69,
    "sender_chat": {
      "id": -1002301839925,
      "title": "drain priv",
      "type": "channel"
    },
    "chat": {
      "id": -1002301839925,
      "title": "drain priv",
      "type": "channel"
    },
    "date": 1728665688,
    "forward_origin": {
      "type": "channel",
      "chat": {
        "id": -1002301839925,
        "title": "drain priv",
        "type": "channel"
      },
      "message_id": 12,
      "date": 1728568390
    },
    "forward_from_chat": {
      "id": -1002301839925,
      "title": "drain priv",
      "type": "channel"
    },
    "forward_from_message_id": 12,
    "forward_date": 1728568390,
    "media_group_id": "13829325503047186",
    "document": {
      "file_name": "btc17kkmailpass.7z",
      "mime_type": "application/x-7z-compressed",
      "file_id": "BQACAgIAAyEFAASJM0o1AAMpZwlX77LafAmZ-aKRPwi89M98DoIAAtNcAAKZTTlIfruy9NroehQ2BA",
      "file_unique_id": "AgAD01wAAplNOUg",
      "file_size": 208960467
    }
  },
  "70": {
    "message_id": 70,
    "sender_chat": {
      "id": -1002301839925,
      "title": "drain priv",
      "type": "channel"
    },
    "chat": {
      "id": -1002301839925,
      "title": "drain priv",
      "type": "channel"
    },
    "date": 1728665688,
    "forward_origin": {
      "type": "channel",
      "chat": {
        "id": -1002301839925,
        "title": "drain priv",
        "type": "channel"
      },
      "message_id": 13,
      "date": 1728568390
    },
    "forward_from_chat": {
      "id": -1002301839925,
      "title": "drain priv",
      "type": "channel"
    },
    "forward_from_message_id": 13,
    "forward_date": 1728568390,
    "media_group_id": "13829325503047186",
    "document": {
      "file_name": "btc28kk_mailpass.7z",
      "mime_type": "application/x-7z-compressed",
      "file_id": "BQACAgIAAyEFAASJM0o1AAMqZwlX7ya38AfFFMqil4AUh2mQcXQAAtVcAAKZTTlIdwtYc10gAo82BA",
      "file_unique_id": "AgAD1VwAAplNOUg",
      "file_size": 314969172
    }
  },
  "71": {
    "message_id": 71,
    "sender_chat": {
      "id": -1002301839925,
      "title": "drain priv",
      "type": "channel"
    },
    "chat": {
      "id": -1002301839925,
      "title": "drain priv",
      "type": "channel"
    },
    "date": 1728665688,
    "forward_origin": {
      "type": "channel",
      "chat": {
        "id": -1002301839925,
        "title": "drain priv",
        "type": "channel"
      },
      "message_id": 14,
      "date": 1728568390
    },
    "forward_from_chat": {
      "id": -1002301839925,
      "title": "drain priv",
      "type": "channel"
    },
    "forward_from_message_id": 14,
    "forward_date": 1728568390,
    "media_group_id": "13829325503047186",
    "document": {
      "file_name": "cryptoapb2020.7z.001",
      "mime_type": "application/x-7z-compressed",
      "file_id": "BQACAgIAAyEFAASJM0o1AAMrZwlX7zdvMAZjGTWiyak_zVOXcHEAAtlcAAKZTTlI-1AYRNiucLs2BA",
      "file_unique_id": "AgAD2VwAAplNOUg",
      "file_size": 1048576000
    }
  },
  "72": {
    "message_id": 72,
    "sender_chat": {
      "id": -1002301839925,
      "title": "drain priv",
      "type": "channel"
    },
    "chat": {
      "id": -1002301839925,
      "title": "drain priv",
      "type": "channel"
    },
    "date": 1728665688,
    "forward_origin": {
      "type": "channel",
      "chat": {
        "id": -1002301839925,
        "title": "drain priv",
        "type": "channel"
      },
      "message_id": 15,
      "date": 1728568390
    },
    "forward_from_chat": {
      "id": -1002301839925,
      "title": "drain priv",
      "type": "channel"
    },
    "forward_from_message_id": 15,
    "forward_date": 1728568390,
    "media_group_id": "13829325503047186",
    "document": {
      "file_name": "cryptoapb2020.7z.002",
      "mime_type": "application/octet-stream",
      "file_id": "BQACAgIAAyEFAASJM0o1AAMsZwlX77_dZ5kWVnOuDT05DXJ61MYAAttcAAKZTTlItDpA-MXTyhE2BA",
      "file_unique_id": "AgAD21wAAplNOUg",
      "file_size": 1048576000
    }
  },
  "73": {
    "message_id": 73,
    "sender_chat": {
      "id": -1002301839925,
      "title": "drain priv",
      "type": "channel"
    },
    "chat": {
      "id": -1002301839925,
      "title": "drain priv",
      "type": "channel"
    },
    "date": 1728665688,
    "forward_origin": {
      "type": "channel",
      "chat": {
        "id": -1002301839925,
        "title": "drain priv",
        "type": "channel"
      },
      "message_id": 16,
      "date": 1728568390
    },
    "forward_from_chat": {
      "id": -1002301839925,
      "title": "drain priv",
      "type": "channel"
    },
    "forward_from_message_id": 16,
    "forward_date": 1728568390,
    "media_group_id": "13829325503047186",
    "document": {
      "file_name": "cryptoapb2020.7z.003",
      "mime_type": "application/octet-stream",
      "file_id": "BQACAgIAAyEFAASJM0o1AAMtZwlX7yAPMZrWu5eCOd00lTxWIr8AAt1cAAKZTTlIVV4f9HBMOc42BA",
      "file_unique_id": "AgAD3VwAAplNOUg",
      "file_size": 824413282
    }
  },
  "74": {
    "message_id": 74,
    "sender_chat": {
      "id": -1002301839925,
      "title": "drain priv",
      "type": "channel"
    },
    "chat": {
      "id": -1002301839925,
      "title": "drain priv",
      "type": "channel"
    },
    "date": 1728665688,
    "forward_origin": {
      "type": "channel",
      "chat": {
        "id": -1002301839925,
        "title": "drain priv",
        "type": "channel"
      },
      "message_id": 17,
      "date": 1728568390
    },
    "forward_from_chat": {
      "id": -1002301839925,
      "title": "drain priv",
      "type": "channel"
    },
    "forward_from_message_id": 17,
    "forward_date": 1728568390,
    "media_group_id": "13829325503047186",
    "document": {
      "file_name": "old_valid#4.7z",
      "mime_type": "application/x-7z-compressed",
      "file_id": "BQACAgIAAyEFAASJM0o1AAMuZwlX71Vmwud_W4ya_5oJxnWlY50AAt5cAAKZTTlIqnWgutpp6-w2BA",
      "file_unique_id": "AgAD3lwAAplNOUg",
      "file_size": 112454929
    }
  },
  "75": {
    "message_id": 75,
    "sender_chat": {
      "id": -1002301839925,
      "title": "drain priv",
      "type": "channel"
    },
    "chat": {
      "id": -1002301839925,
      "title": "drain priv",
      "type": "channel"
    },
    "date": 1728665688,
    "forward_origin": {
      "type": "channel",
      "chat": {
        "id": -1002301839925,
        "title": "drain priv",
        "type": "channel"
      },
      "message_id": 18,
      "date": 1728568390
    },
    "forward_from_chat": {
      "id": -1002301839925,
      "title": "drain priv",
      "type": "channel"
    },
    "forward_from_message_id": 18,
    "forward_date": 1728568390,
    "media_group_id": "13829325503047186",
    "document": {
      "file_name": "old_Valid#5_2021.7z",
      "mime_type": "application/x-7z-compressed",
      "file_id": "BQACAgIAAyEFAASJM0o1AAMvZwlX75KyBcaEx-MAARwRIatXobnEAALgXAACmU05SJXBfSOQXB3QNgQ",
      "file_unique_id": "AgAD4FwAAplNOUg",
      "file_size": 59577905
    }
  },
  "76": {
    "message_id": 76,
    "sender_chat": {
      "id": -1002301839925,
      "title": "drain priv",
      "type": "channel"
    },
    "chat": {
      "id": -1002301839925,
      "title": "drain priv",
      "type": "channel"
    },
    "date": 1728665688,
    "forward_origin": {
      "type": "channel",
      "chat": {
        "id": -1002301839925,
        "title": "drain priv",
        "type": "channel"
      },
      "message_id": 19,
      "date": 1728568390
    },
    "forward_from_chat": {
      "id": -1002301839925,
      "title": "drain priv",
      "type": "channel"
    },
    "forward_from_message_id": 19,
    "forward_date": 1728568390,
    "media_group_id": "13829325503047186",
    "document": {
      "file_name": "old_valid2021#1.7z",
      "mime_type": "application/x-7z-compressed",
      "file_id": "BQACAgIAAyEFAASJM0o1AAMwZwlX7zg_aOqax2VlEZ7nvi6XwRgAAt9cAAKZTTlIfzdXK70aypM2BA",
      "file_unique_id": "AgAD31wAAplNOUg",
      "file_size": 25387953
    }
  },
  "77": {
    "message_id": 77,
    "sender_chat": {
      "id": -1002301839925,
      "title": "drain priv",
      "type": "channel"
    },
    "chat": {
      "id": -1002301839925,
      "title": "drain priv",
      "type": "channel"
    },
    "date": 1728665688,
    "forward_origin": {
      "type": "channel",
      "chat": {
        "id": -1002301839925,
        "title": "drain priv",
        "type": "channel"
      },
      "message_id": 20,
      "date": 1728568390
    },
    "forward_from_chat": {
      "id": -1002301839925,
      "title": "drain priv",
      "type": "channel"
    },
    "forward_from_message_id": 20,
    "forward_date": 1728568390,
    "media_group_id": "13829325503047186",
    "document": {
      "file_name": "old_valid2021#2.7z",
      "mime_type": "application/x-7z-compressed",
      "file_id": "BQACAgIAAyEFAASJM0o1AAMxZwlX796iUSzVzKZ2Q9hN-dqIgtYAAuFcAAKZTTlIzMMg1N9qCsE2BA",
      "file_unique_id": "AgAD4VwAAplNOUg",
      "file_size": 44727873
    }
  },
  "78": {
    "message_id": 78,
    "sender_chat": {
      "id": -1002301839925,
      "title": "drain priv",
      "type": "channel"
    },
    "chat": {
      "id": -1002301839925,
      "title": "drain priv",
      "type": "channel"
    },
    "date": 1728665688,
    "forward_origin": {
      "type": "channel",
      "chat": {
        "id": -1002301839925,
        "title": "drain priv",
        "type": "channel"
      },
      "message_id": 21,
      "date": 1728568391
    },
    "forward_from_chat": {
      "id": -1002301839925,
      "title": "drain priv",
      "type": "channel"
    },
    "forward_from_message_id": 21,
    "forward_date": 1728568391,
    "media_group_id": "13829325503047186",
    "document": {
      "file_name": "old_valid2021#3.7z",
      "mime_type": "application/x-7z-compressed",
      "file_id": "BQACAgIAAyEFAASJM0o1AAMyZwlX79V_wODQNESiyrASJnYtHM0AAuNcAAKZTTlIVJ9vKUU6S382BA",
      "file_unique_id": "AgAD41wAAplNOUg",
      "file_size": 42409873
    }
  },
  "79": {
    "message_id": 79,
    "sender_chat": {
      "id": -1002301839925,
      "title": "drain priv",
      "type": "channel"
    },
    "chat": {
      "id": -1002301839925,
      "title": "drain priv",
      "type": "channel"
    },
    "date": 1728665688,
    "forward_origin": {
      "type": "channel",
      "chat": {
        "id": -1002301839925,
        "title": "drain priv",
        "type": "channel"
      },
      "message_id": 22,
      "date": 1728568689
    },
    "forward_from_chat": {
      "id": -1002301839925,
      "title": "drain priv",
      "type": "channel"
    },
    "forward_from_message_id": 22,
    "forward_date": 1728568689,
    "media_group_id": "13829325503047194",
    "document": {
      "file_name": "oldcrypto_mailpass#1.7z",
      "mime_type": "application/x-7z-compressed",
      "file_id": "BQACAgIAAyEFAASJM0o1AAMzZwlX76QFBtmQCWAPDLXw1DuuGBoAAuhcAAKZTTlIv3ErqKO4jhk2BA",
      "file_unique_id": "AgAD6FwAAplNOUg",
      "file_size": 350849602
    }
  },
  "80": {
    "message_id": 80,
    "sender_chat": {
      "id": -1002301839925,
      "title": "drain priv",
      "type": "channel"
    },
    "chat": {
      "id": -1002301839925,
      "title": "drain priv",
      "type": "channel"
    },
    "date": 1728665688,
    "forward_origin": {
      "type": "channel",
      "chat": {
        "id": -1002301839925,
        "title": "drain priv",
        "type": "channel"
      },
      "message_id": 23,
      "date": 1728568689
    },
    "forward_from_chat": {
      "id": -1002301839925,
      "title": "drain priv",
      "type": "channel"
    },
    "forward_from_message_id": 23,
    "forward_date": 1728568689,
    "media_group_id": "13829325503047194",
    "document": {
      "file_name": "olddumps_mailpass#1.7z",
      "mime_type": "application/x-7z-compressed",
      "file_id": "BQACAgIAAyEFAASJM0o1AAM0ZwlX79l4VGUKDSCJyUHdHTGXV0kAAuxcAAKZTTlIeTOkLMDwtUw2BA",
      "file_unique_id": "AgAD7FwAAplNOUg",
      "file_size": 568667972
    }
  },
  "81": {
    "message_id": 81,
    "sender_chat": {
      "id": -1002301839925,
      "title": "drain priv",
      "type": "channel"
    },
    "chat": {
      "id": -1002301839925,
      "title": "drain priv",
      "type": "channel"
    },
    "date": 1728665688,
    "forward_origin": {
      "type": "channel",
      "chat": {
        "id": -1002301839925,
        "title": "drain priv",
        "type": "channel"
      },
      "message_id": 24,
      "date": 1728568689
    },
    "forward_from_chat": {
      "id": -1002301839925,
      "title": "drain priv",
      "type": "channel"
    },
    "forward_from_message_id": 24,
    "forward_date": 1728568689,
    "media_group_id": "13829325503047194",
    "document": {
      "file_name": "12kk_logpass#01.7z",
      "mime_type": "application/x-7z-compressed",
      "file_id": "BQACAgIAAyEFAASJM0o1AAM1ZwlX74mgaafJk416iH5cgJdioEQAAu1cAAKZTTlIGENipppe9qU2BA",
      "file_unique_id": "AgAD7VwAAplNOUg",
      "file_size": 124201155
    }
  },
  "82": {
    "message_id": 82,
    "sender_chat": {
      "id": -1002301839925,
      "title": "drain priv",
      "type": "channel"
    },
    "chat": {
      "id": -1002301839925,
      "title": "drain priv",
      "type": "channel"
    },
    "date": 1728665688,
    "forward_origin": {
      "type": "channel",
      "chat": {
        "id": -1002301839925,
        "title": "drain priv",
        "type": "channel"
      },
      "message_id": 25,
      "date": 1728568689
    },
    "forward_from_chat": {
      "id": -1002301839925,
      "title": "drain priv",
      "type": "channel"
    },
    "forward_from_message_id": 25,
    "forward_date": 1728568689,
    "media_group_id": "13829325503047194",
    "document": {
      "file_name": "22kk_numpass_mix@84JA3E.7z",
      "mime_type": "application/x-7z-compressed",
      "file_id": "BQACAgIAAyEFAASJM0o1AAM2ZwlX70qvih0F0IUfMJx6B9YpISIAAu5cAAKZTTlID1mODCpaQzI2BA",
      "file_unique_id": "AgAD7lwAAplNOUg",
      "file_size": 214763347
    }
  },
  "83": {
    "message_id": 83,
    "sender_chat": {
      "id": -1002301839925,
      "title": "drain priv",
      "type": "channel"
    },
    "chat": {
      "id": -1002301839925,
      "title": "drain priv",
      "type": "channel"
    },
    "date": 1728665688,
    "forward_origin": {
      "type": "channel",
      "chat": {
        "id": -1002301839925,
        "title": "drain priv",
        "type": "channel"
      },
      "message_id": 26,
      "date": 1728568689
    },
    "forward_from_chat": {
      "id": -1002301839925,
      "title": "drain priv",
      "type": "channel"
    },
    "forward_from_message_id": 26,
    "forward_date": 1728568689,
    "media_group_id": "13829325503047194",
    "document": {
      "file_name": "23kk_btcmailpass.7z",
      "mime_type": "application/x-7z-compressed",
      "file_id": "BQACAgIAAyEFAASJM0o1AAM3ZwlX7xMn3NuDSrmVQmjAVqAim4oAAvBcAAKZTTlIWzqyNkmN1Wk2BA",
      "file_unique_id": "AgAD8FwAAplNOUg",
      "file_size": 316557699
    }
  },
  "84": {
    "message_id": 84,
    "sender_chat": {
      "id": -1002301839925,
      "title": "drain priv",
      "type": "channel"
    },
    "chat": {
      "id": -1002301839925,
      "title": "drain priv",
      "type": "channel"
    },
    "date": 1728665688,
    "forward_origin": {
      "type": "channel",
      "chat": {
        "id": -1002301839925,
        "title": "drain priv",
        "type": "channel"
      },
      "message_id": 27,
      "date": 1728568689
    },
    "forward_from_chat": {
      "id": -1002301839925,
      "title": "drain priv",
      "type": "channel"
    },
    "forward_from_message_id": 27,
    "forward_date": 1728568689,
    "media_group_id": "13829325503047194",
    "document": {
      "file_name": "23kkgameshop#3.7z",
      "mime_type": "application/x-7z-compressed",
      "file_id": "BQACAgIAAyEFAASJM0o1AAM4ZwlX72jjOeXaAZW6SG0nH9aINowAAvZcAAKZTTlIH20FE8K4evk2BA",
      "file_unique_id": "AgAD9lwAAplNOUg",
      "file_size": 277732356
    }
  },
  "85": {
    "message_id": 85,
    "sender_chat": {
      "id": -1002301839925,
      "title": "drain priv",
      "type": "channel"
    },
    "chat": {
      "id": -1002301839925,
      "title": "drain priv",
      "type": "channel"
    },
    "date": 1728665688,
    "forward_origin": {
      "type": "channel",
      "chat": {
        "id": -1002301839925,
        "title": "drain priv",
        "type": "channel"
      },
      "message_id": 28,
      "date": 1728568689
    },
    "forward_from_chat": {
      "id": -1002301839925,
      "title": "drain priv",
      "type": "channel"
    },
    "forward_from_message_id": 28,
    "forward_date": 1728568689,
    "media_group_id": "13829325503047194",
    "document": {
      "file_name": "106kk_mixcombo@zjnHqw.7z",
      "mime_type": "application/x-7z-compressed",
      "file_id": "BQACAgIAAyEFAASJM0o1AAM5ZwlX77i0_6UPjwqgvyi-QO2uW9EAAv5cAAKZTTlI6m0UxGaJqic2BA",
      "file_unique_id": "AgAD_lwAAplNOUg",
      "file_size": 1207796596
    }
  },
  "86": {
    "message_id": 86,
    "sender_chat": {
      "id": -1002301839925,
      "title": "drain priv",
      "type": "channel"
    },
    "chat": {
      "id": -1002301839925,
      "title": "drain priv",
      "type": "channel"
    },
    "date": 1728758929,
    "media_group_id": "13830071434884778",
    "document": {
      "file_name": "fatelivelogs_3.7z.003",
      "mime_type": "application/octet-stream",
      "file_id": "BQACAgIAAyEFAASJM0o1AANWZwrEkbBWjqg0uTpnC0e83w9kjjAAAt9kAAIOvVhIrVNrpAfUE642BA",
      "file_unique_id": "AgAD32QAAg69WEg",
      "file_size": 1048576000
    }
  },
  "87": {
    "message_id": 87,
    "sender_chat": {
      "id": -1002301839925,
      "title": "drain priv",
      "type": "channel"
    },
    "chat": {
      "id": -1002301839925,
      "title": "drain priv",
      "type": "channel"
    },
    "date": 1728758929,
    "media_group_id": "13830071434884778",
    "document": {
      "file_name": "fatelivelogs_3.7z.004",
      "mime_type": "application/octet-stream",
      "file_id": "BQACAgIAAyEFAASJM0o1AANXZwrEkVqEOn6yIJfwnLuZftAyRDQAAupkAAIOvVhII2Stq2NwYQABNgQ",
      "file_unique_id": "AgAD6mQAAg69WEg",
      "file_size": 1048576000
    }
  },
  "88": {
    "message_id": 88,
    "sender_chat": {
      "id": -1002301839925,
      "title": "drain priv",
      "type": "channel"
    },
    "chat": {
      "id": -1002301839925,
      "title": "drain priv",
      "type": "channel"
    },
    "date": 1728758929,
    "media_group_id": "13830071434884778",
    "document": {
      "file_name": "fatelivelogs_3.7z.005",
      "mime_type": "application/octet-stream",
      "file_id": "BQACAgIAAyEFAASJM0o1AANYZwrEkYfROFASH8D_1xd6MsguI40AAvtkAAIOvVhIjSAxjNUYhkw2BA",
      "file_unique_id": "AgAD-2QAAg69WEg",
      "file_size": 1048576000
    }
  },
  "89": {
    "message_id": 89,
    "sender_chat": {
      "id": -1002301839925,
      "title": "drain priv",
      "type": "channel"
    },
    "chat": {
      "id": -1002301839925,
      "title": "drain priv",
      "type": "channel"
    },
    "date": 1728758929,
    "media_group_id": "13830071434884778",
    "document": {
      "file_name": "fatelivelogs_3.7z.006",
      "mime_type": "application/octet-stream",
      "file_id": "BQACAgIAAyEFAASJM0o1AANZZwrEkbRLKq33Bc8r_vIzpxEhyckAAgNlAAIOvVhIE4jKtHt0NFY2BA",
      "file_unique_id": "AgADA2UAAg69WEg",
      "file_size": 1048576000
    }
  },
  "90": {
    "message_id": 90,
    "sender_chat": {
      "id": -1002301839925,
      "title": "drain priv",
      "type": "channel"
    },
    "chat": {
      "id": -1002301839925,
      "title": "drain priv",
      "type": "channel"
    },
    "date": 1728758929,
    "media_group_id": "13830071434884778",
    "document": {
      "file_name": "fatelivelogs_3.7z.007",
      "mime_type": "application/octet-stream",
      "file_id": "BQACAgIAAyEFAASJM0o1AANaZwrEkbjmWwnYG_uZtMpjqKdrhmEAAiRlAAIOvVhIDRUemKItPvE2BA",
      "file_unique_id": "AgADJGUAAg69WEg",
      "file_size": 1048576000
    }
  },
  "91": {
    "message_id": 91,
    "sender_chat": {
      "id": -1002301839925,
      "title": "drain priv",
      "type": "channel"
    },
    "chat": {
      "id": -1002301839925,
      "title": "drain priv",
      "type": "channel"
    },
    "date": 1728758929,
    "media_group_id": "13830071434884778",
    "document": {
      "file_name": "fatelivelogs_3.7z.008",
      "mime_type": "application/octet-stream",
      "file_id": "BQACAgIAAyEFAASJM0o1AANbZwrEkRHkzEb9TjNkyuif0dZltqgAAkZlAAIOvVhIytODkn5eY9o2BA",
      "file_unique_id": "AgADRmUAAg69WEg",
      "file_size": 1048576000
    }
  },
  "92": {
    "message_id": 92,
    "sender_chat": {
      "id": -1002301839925,
      "title": "drain priv",
      "type": "channel"
    },
    "chat": {
      "id": -1002301839925,
      "title": "drain priv",
      "type": "channel"
    },
    "date": 1728758929,
    "media_group_id": "13830071434884778",
    "document": {
      "file_name": "fatelivelogs_3.7z.009",
      "mime_type": "application/octet-stream",
      "file_id": "BQACAgIAAyEFAASJM0o1AANcZwrEkUgTsrJPTJAHx2G8-Szdl-sAAlJlAAIOvVhIqkYSvjNuMMs2BA",
      "file_unique_id": "AgADUmUAAg69WEg",
      "file_size": 1048576000
    }
  },
  "93": {
    "message_id": 93,
    "sender_chat": {
      "id": -1002301839925,
      "title": "drain priv",
      "type": "channel"
    },
    "chat": {
      "id": -1002301839925,
      "title": "drain priv",
      "type": "channel"
    },
    "date": 1728758929,
    "media_group_id": "13830071434884778",
    "document": {
      "file_name": "fatelivelogs_3.7z.010",
      "mime_type": "application/octet-stream",
      "file_id": "BQACAgIAAyEFAASJM0o1AANdZwrEkU-1r_KWLNrIHmoBejgnm9QAAlRlAAIOvVhI2ndhcn-VyCU2BA",
      "file_unique_id": "AgADVGUAAg69WEg",
      "file_size": 140351208
    }
  },
  "94": {
    "message_id": 94,
    "sender_chat": {
      "id": -1002301839925,
      "title": "drain priv",
      "type": "channel"
    },
    "chat": {
      "id": -1002301839925,
      "title": "drain priv",
      "type": "channel"
    },
    "date": 1728758929,
    "media_group_id": "13830071434884778",
    "document": {
      "file_name": "20dbs2024@deh9sbf.7z.001",
      "mime_type": "application/x-7z-compressed",
      "file_id": "BQACAgIAAyEFAASJM0o1AANeZwrEkf-czxh5Lij-b5gf7-7CqaYAAm9lAAIOvVhIuJtbQZSFLGg2BA",
      "file_unique_id": "AgADb2UAAg69WEg",
      "file_size": 1048576000
    }
  },
  "95": {
    "message_id": 95,
    "sender_chat": {
      "id": -1002301839925,
      "title": "drain priv",
      "type": "channel"
    },
    "chat": {
      "id": -1002301839925,
      "title": "drain priv",
      "type": "channel"
    },
    "date": 1728758929,
    "media_group_id": "13830071434884778",
    "document": {
      "file_name": "20dbs2024@deh9sbf.7z.002",
      "mime_type": "application/octet-stream",
      "file_id": "BQACAgIAAyEFAASJM0o1AANfZwrEkdc9_JYzzYqL_Or7vst11MkAApRlAAIOvVhIqCc9l8wT--g2BA",
      "file_unique_id": "AgADlGUAAg69WEg",
      "file_size": 1048576000
    }
  },
  "96": {
    "message_id": 96,
    "sender_chat": {
      "id": -1002301839925,
      "title": "drain priv",
      "type": "channel"
    },
    "chat": {
      "id": -1002301839925,
      "title": "drain priv",
      "type": "channel"
    },
    "date": 1728760333,
    "media_group_id": "13830082664347810",
    "document": {
      "file_name": "20dbs2024@deh9sbf.7z.003",
      "mime_type": "application/octet-stream",
      "file_id": "BQACAgIAAyEFAASJM0o1AANgZwrKDXn8iJU_Kf7fGuwQqyQOjeUAArJlAAIOvVhIIsbd5XriVCY2BA",
      "file_unique_id": "AgADsmUAAg69WEg",
      "file_size": 1048576000
    }
  },
  "97": {
    "message_id": 97,
    "sender_chat": {
      "id": -1002301839925,
      "title": "drain priv",
      "type": "channel"
    },
    "chat": {
      "id": -1002301839925,
      "title": "drain priv",
      "type": "channel"
    },
    "date": 1728760333,
    "media_group_id": "13830082664347810",
    "document": {
      "file_name": "20dbs2024@deh9sbf.7z.004",
      "mime_type": "application/octet-stream",
      "file_id": "BQACAgIAAyEFAASJM0o1AANhZwrKDficcZ1YiOnAtbTutUB5KCYAAtZlAAIOvVhIGUFgV_7EoF82BA",
      "file_unique_id": "AgAD1mUAAg69WEg",
      "file_size": 631104098
    }
  },
  "98": {
    "message_id": 98,
    "sender_chat": {
      "id": -1002301839925,
      "title": "drain priv",
      "type": "channel"
    },
    "chat": {
      "id": -1002301839925,
      "title": "drain priv",
      "type": "channel"
    },
    "date": 1728760333,
    "media_group_id": "13830082664347810",
    "document": {
      "file_name": "50dbs@wmwcNcU.7z",
      "mime_type": "application/x-7z-compressed",
      "file_id": "BQACAgIAAyEFAASJM0o1AANiZwrKDfM0RLOoH5wYGqTBO0FhgisAAuJlAAIOvVhIL5ZvI-PuA902BA",
      "file_unique_id": "AgAD4mUAAg69WEg",
      "file_size": 247623089
    }
  },
  "99": {
    "message_id": 99,
    "sender_chat": {
      "id": -1002301839925,
      "title": "drain priv",
      "type": "channel"
    },
    "chat": {
      "id": -1002301839925,
      "title": "drain priv",
      "type": "channel"
    },
    "date": 1728760333,
    "media_group_id": "13830082664347810",
    "document": {
      "file_name": "150dbsy@3b5Zjh.7z",
      "mime_type": "application/x-7z-compressed",
      "file_id": "BQACAgIAAyEFAASJM0o1AANjZwrKDb3D3aN5l2aqhz449viRv-IAAuxlAAIOvVhIjCUNI4o_CO02BA",
      "file_unique_id": "AgAD7GUAAg69WEg",
      "file_size": 87759441
    }
  },
  "100": {
    "message_id": 100,
    "sender_chat": {
      "id": -1002301839925,
      "title": "drain priv",
      "type": "channel"
    },
    "chat": {
      "id": -1002301839925,
      "title": "drain priv",
      "type": "channel"
    },
    "date": 1728760333,
    "media_group_id": "13830082664347810",
    "document": {
      "file_name": "bigdumps47gb@YKKxrjZ.7z.001",
      "mime_type": "application/x-7z-compressed",
      "file_id": "BQACAgIAAyEFAASJM0o1AANkZwrKDXPJbZhTkv8Lr3f-alLmKX0AAgtmAAIOvVhI_GZb8ZD9rs42BA",
      "file_unique_id": "AgADC2YAAg69WEg",
      "file_size": 1048576000
    }
  },
  "101": {
    "message_id": 101,
    "sender_chat": {
      "id": -1002301839925,
      "title": "drain priv",
      "type": "channel"
    },
    "chat": {
      "id": -1002301839925,
      "title": "drain priv",
      "type": "channel"
    },
    "date": 1728760333,
    "media_group_id": "13830082664347810",
    "document": {
      "file_name": "bigdumps47gb@YKKxrjZ.7z.002",
      "mime_type": "application/octet-stream",
      "file_id": "BQACAgIAAyEFAASJM0o1AANlZwrKDZKSaGSevFecLVhGC9StPoMAAhtmAAIOvVhIqn6L6U4atpE2BA",
      "file_unique_id": "AgADG2YAAg69WEg",
      "file_size": 1048576000
    }
  },
  "102": {
    "message_id": 102,
    "sender_chat": {
      "id": -1002301839925,
      "title": "drain priv",
      "type": "channel"
    },
    "chat": {
      "id": -1002301839925,
      "title": "drain priv",
      "type": "channel"
    },
    "date": 1728760333,
    "media_group_id": "13830082664347810",
    "document": {
      "file_name": "bigdumps47gb@YKKxrjZ.7z.003",
      "mime_type": "application/octet-stream",
      "file_id": "BQACAgIAAyEFAASJM0o1AANmZwrKDeaS-casumEoQnpK-9kaXtAAAiRmAAIOvVhInP1d4Zrl3yU2BA",
      "file_unique_id": "AgADJGYAAg69WEg",
      "file_size": 1048576000
    }
  },
  "103": {
    "message_id": 103,
    "sender_chat": {
      "id": -1002301839925,
      "title": "drain priv",
      "type": "channel"
    },
    "chat": {
      "id": -1002301839925,
      "title": "drain priv",
      "type": "channel"
    },
    "date": 1728760333,
    "media_group_id": "13830082664347810",
    "document": {
      "file_name": "bigdumps47gb@YKKxrjZ.7z.004",
      "mime_type": "application/octet-stream",
      "file_id": "BQACAgIAAyEFAASJM0o1AANnZwrKDRSaBaFnCDowlGyJlWgKcmcAAj1mAAIOvVhIUcqlCuvwEGw2BA",
      "file_unique_id": "AgADPWYAAg69WEg",
      "file_size": 1048576000
    }
  },
  "104": {
    "message_id": 104,
    "sender_chat": {
      "id": -1002301839925,
      "title": "drain priv",
      "type": "channel"
    },
    "chat": {
      "id": -1002301839925,
      "title": "drain priv",
      "type": "channel"
    },
    "date": 1728760333,
    "media_group_id": "13830082664347810",
    "document": {
      "file_name": "bigdumps47gb@YKKxrjZ.7z.005",
      "mime_type": "application/octet-stream",
      "file_id": "BQACAgIAAyEFAASJM0o1AANoZwrKDeQXlXsCvj1v3LZjoOjCUxYAAkJmAAIOvVhIjC-FJmJdRXc2BA",
      "file_unique_id": "AgADQmYAAg69WEg",
      "file_size": 1048576000
    }
  },
  "105": {
    "message_id": 105,
    "sender_chat": {
      "id": -1002301839925,
      "title": "drain priv",
      "type": "channel"
    },
    "chat": {
      "id": -1002301839925,
      "title": "drain priv",
      "type": "channel"
    },
    "date": 1728760333,
    "media_group_id": "13830082664347810",
    "document": {
      "file_name": "bigdumps47gb@YKKxrjZ.7z.006",
      "mime_type": "application/octet-stream",
      "file_id": "BQACAgIAAyEFAASJM0o1AANpZwrKDbIHhaXYDmZ0t88ZBOe3nooAAk5mAAIOvVhIGj9jVRY2AAF1NgQ",
      "file_unique_id": "AgADTmYAAg69WEg",
      "file_size": 1048576000
    }
  },
  "106": {
    "message_id": 106,
    "sender_chat": {
      "id": -1002301839925,
      "title": "drain priv",
      "type": "channel"
    },
    "chat": {
      "id": -1002301839925,
      "title": "drain priv",
      "type": "channel"
    },
    "date": 1728760767,
    "media_group_id": "13830086136340762",
    "document": {
      "file_name": "bigdumps47gb@YKKxrjZ.7z.007",
      "mime_type": "application/octet-stream",
      "file_id": "BQACAgIAAyEFAASJM0o1AANqZwrLv3B1Cmtp4oJifHmzBxBEmbMAAk9mAAIOvVhI46kU0uruqJw2BA",
      "file_unique_id": "AgADT2YAAg69WEg",
      "file_size": 63904962
    }
  },
  "107": {
    "message_id": 107,
    "sender_chat": {
      "id": -1002301839925,
      "title": "drain priv",
      "type": "channel"
    },
    "chat": {
      "id": -1002301839925,
      "title": "drain priv",
      "type": "channel"
    },
    "date": 1728760767,
    "media_group_id": "13830086136340762",
    "document": {
      "file_name": "fatelivelogs_3.7z.001",
      "mime_type": "application/x-7z-compressed",
      "file_id": "BQACAgIAAyEFAASJM0o1AANrZwrLv124l3lZd2Nua39ObRtBv2EAAl1mAAIOvVhIe4V2ab1UQFc2BA",
      "file_unique_id": "AgADXWYAAg69WEg",
      "file_size": 1048576000
    }
  },
  "108": {
    "message_id": 108,
    "sender_chat": {
      "id": -1002301839925,
      "title": "drain priv",
      "type": "channel"
    },
    "chat": {
      "id": -1002301839925,
      "title": "drain priv",
      "type": "channel"
    },
    "date": 1728760767,
    "media_group_id": "13830086136340762",
    "document": {
      "file_name": "fatelivelogs_3.7z.002",
      "mime_type": "application/octet-stream",
      "file_id": "BQACAgIAAyEFAASJM0o1AANsZwrLv8KFJympFjHZCvbUb8nm-1MAAm1mAAIOvVhI8hhiw0u0KX82BA",
      "file_unique_id": "AgADbWYAAg69WEg",
      "file_size": 1048576000
    }
  }
}