{
  "1": {
    "id": 1,
    "username": "Rustiktam",
    "userId": 6448888035,
    "mess": "qwe",
    "tag": "#resolved",
    "date": 1728727261610
  },
  "2": {
    "id": 2,
    "username": "Rustiktam",
    "userId": 6448888035,
    "mess": "q",
    "tag": "#resolved",
    "date": 1728728445327
  },
  "3": {
    "id": 3,
    "userId": 6865509414,
    "mess": "435435",
    "tag": "#resolved",
    "date": 1728732770394
  },
  "4": {
    "id": 4,
    "username": "username921329",
    "userId": 5910891839,
    "mess": "123",
    "tag": "#new",
    "date": 1728760918630
  },
  "5": {
    "id": 5,
    "username": "Rustiktam",
    "userId": 6448888035,
    "mess": "123",
    "tag": "#new",
    "date": 1728732669293
  },
  "6": {
    "id": 6,
    "userId": 6865509414,
    "mess": "45345343",
    "tag": "#new",
    "date": 1728760951616
  }
}