{
  "1": {
    "files": [
      "1.3kk_ulp#qRzGXJbT.7z"
    ],
    "pass": "ZEpSDSdwh593",
    "type": "Antipublic Logs Cloud",
    "date": 1728484812702
  },
  "2": {
    "files": [
      "1.7kkulp_ap#S6Aae5.7z"
    ],
    "pass": "ebXUy7KY",
    "type": "Antipublic Logs Cloud",
    "date": 1728484812702
  },
  "3": {
    "files": [
      "223k ulp.7z"
    ],
    "pass": "K2YSWwzAGR4g",
    "type": "Antipublic Logs Cloud",
    "date": 1728484812702
  },
  "4": {
    "files": [
      "1000_logs-ap#2yalF.7z"
    ],
    "pass": "I1UwZ65O5rcT",
    "type": "Antipublic Logs Cloud",
    "date": 1728484812702
  },
  "5": {
    "files": [
      "1000_logs-ap#XH0HG.7z"
    ],
    "pass": "JryPHMicYcfk",
    "type": "Antipublic Logs Cloud",
    "date": 1728484812702
  },
  "6": {
    "files": [
      "1000_logs-ap#SSIvm.7z"
    ],
    "pass": "TAxMK0tvXRm3",
    "type": "Antipublic Logs Cloud",
    "date": 1728484812702
  },
  "7": {
    "files": [
      "1000_logs-ap#AFw6U.7z"
    ],
    "pass": "On0f5h4XRdTx",
    "type": "Antipublic Logs Cloud",
    "date": 1728484812702
  },
  "8": {
    "files": [
      "1000_logs-ap#pRn8Z.7z"
    ],
    "pass": "9Qcc1xS7Mq1R",
    "type": "Antipublic Logs Cloud",
    "date": 1728484812702
  },
  "9": {
    "files": [
      "1000_logs-ap#gTGbJ.7z"
    ],
    "pass": "TJDnrXSgeOMo",
    "type": "Antipublic Logs Cloud",
    "date": 1728484812702
  },
  "10": {
    "files": [
      "1000_logs-ap#xDIp7.7z"
    ],
    "pass": "L3iLpYsdY4B1",
    "type": "Antipublic Logs Cloud",
    "date": 1728484812702
  },
  "11": {
    "files": [
      "1000_logs-ap#myT69.7z"
    ],
    "pass": "jAbxhZd0Y1SK",
    "type": "Antipublic Logs Cloud",
    "date": 1728484812702
  },
  "12": {
    "files": [
      "1000_logs-ap#v5qMX.7z"
    ],
    "pass": "jJafPR0MsDor",
    "type": "Antipublic Logs Cloud",
    "date": 1728484812702
  },
  "13": {
    "files": [
      "1000_logs-ap#6o8mh.7z"
    ],
    "pass": "pddkbhqShulL",
    "type": "Antipublic Logs Cloud",
    "date": 1728484812702
  },
  "14": {
    "files": [
      "1000_logs-ap#vWHz4.7z"
    ],
    "pass": "j3L2e1b1WW2d",
    "type": "Antipublic Logs Cloud",
    "date": 1728484812702
  },
  "15": {
    "files": [
      "1000_logs-ap#h3wp5.7z"
    ],
    "pass": "pQro7XhS2uCZ",
    "type": "Antipublic Logs Cloud",
    "date": 1728484812702
  },
  "16": {
    "files": [
      "1000_logs-ap#vNr7i.7z"
    ],
    "pass": "ygwDNIQo9aCl",
    "type": "Antipublic Logs Cloud",
    "date": 1728484812702
  },
  "17": {
    "files": [
      "1000_logs-ap#jAKgL.7z"
    ],
    "pass": "ODRTbbvulgmg",
    "type": "Antipublic Logs Cloud",
    "date": 1728484812702
  },
  "18": {
    "files": [
      "1000_logs-ap#AOIDz.7z"
    ],
    "pass": "qsCUKlJ6PArW",
    "type": "Antipublic Logs Cloud",
    "date": 1728484812702
  },
  "19": {
    "files": [
      "1000_logs-ap#8KFSD.7z"
    ],
    "pass": "71VBpjrlrqCD",
    "type": "Antipublic Logs Cloud",
    "date": 1728484812702
  },
  "20": {
    "files": [
      "1000_logs-ap#mlxse.7z"
    ],
    "pass": "EEo0N1f0apqK",
    "type": "Antipublic Logs Cloud",
    "date": 1728484812702
  },
  "21": {
    "files": [
      "1000_logs-ap#jYmI0.7z"
    ],
    "pass": "lx9NIhnePRDU",
    "type": "Antipublic Logs Cloud",
    "date": 1728484812702
  },
  "22": {
    "files": [
      "1000_logs-ap#tMvfc.7z"
    ],
    "pass": "RnJorbGUrGep",
    "type": "Antipublic Logs Cloud",
    "date": 1728484812702
  },
  "23": {
    "files": [
      "1000_logs-ap#bToa3.7z"
    ],
    "pass": "WZrzP1tTZHwJ",
    "type": "Antipublic Logs Cloud",
    "date": 1728484812702
  },
  "24": {
    "files": [
      "222_logs-ap#PFLMA.7z"
    ],
    "pass": "mA2K2qM9P3HQ",
    "type": "Antipublic Logs Cloud",
    "date": 1728484812702
  },
  "25": {
    "files": [
      "1725_logs#FTBmmSfb2krT.7z"
    ],
    "pass": "2rZrHUPcUv8n",
    "type": "Antipublic Logs Cloud",
    "date": 1728484812702
  },
  "26": {
    "files": [
      "1103_logs#zZFvavxWNp28.7z"
    ],
    "pass": "86DtmNWK5rGD",
    "type": "Antipublic Logs Cloud",
    "date": 1728484812702
  },
  "27": {
    "files": [
      "456_logs#PUdXmeCMfcrL.7z"
    ],
    "pass": "5HtrPuhZZf2G",
    "type": "Antipublic Logs Cloud",
    "date": 1728484812702
  },
  "28": {
    "files": [
      "364_logs-jd2FDKWXbCYe.7z"
    ],
    "pass": "JgTnwNPBLqcr",
    "type": "Antipublic Logs Cloud",
    "date": 1728484812702
  },
  "29": {
    "files": [
      "3501_logs#tGmacFG3BNXd.7z"
    ],
    "pass": "YmTF6CgCnryL",
    "type": "Antipublic Logs Cloud",
    "date": 1728484812702
  },
  "30": {
    "files": [
      "2405_logs#NhaPqF2qMeFH.7z"
    ],
    "pass": "EkCZw9rMuErc",
    "type": "Antipublic Logs Cloud",
    "date": 1728484812702
  },
  "31": {
    "files": [
      "6523_logs#r6GycdAHFH3u.7z"
    ],
    "pass": "3UYqW9phWB3h",
    "type": "Antipublic Logs Cloud",
    "date": 1728484812702
  },
  "32": {
    "files": [
      "7255_logs#ZYvct5nSmmGx.7z"
    ],
    "pass": "742tkL2EbnT9",
    "type": "Antipublic Logs Cloud",
    "date": 1728484812702
  },
  "33": {
    "files": [
      "4455_logs#3pTGzRtvPhFU.7z"
    ],
    "pass": "zzce7nYfNQbM",
    "type": "Antipublic Logs Cloud",
    "date": 1728484812702
  },
  "34": {
    "files": [
      "188logs_ap#qKaTb93s.7z"
    ],
    "pass": "F4tq9bQMCFDS",
    "type": "Antipublic Logs Cloud",
    "date": 1728484812702
  },
  "35": {
    "files": [
      "8.188logs_ap#ahTma9y5.7z.001",
      "8.188logs_ap#ahTma9y5.7z.002",
      "8.188logs_ap#ahTma9y5.7z.003",
      "8.188logs_ap#ahTma9y5.7z.004",
      "8.188logs_ap#ahTma9y5.7z.005",
      "8.188logs_ap#ahTma9y5.7z.006",
      "8.188logs_ap#ahTma9y5.7z.007",
      "8.188logs_ap#ahTma9y5.7z.008",
      "8.188logs_ap#ahTma9y5.7z.009"
    ],
    "pass": "Rts3arYPAgzT",
    "type": "Antipublic Logs Cloud",
    "date": 1728484812702
  },
  "36": {
    "files": [
      "234logs_ap#4Abhmpcu.7z"
    ],
    "pass": "kwBeWKQ6PuCc",
    "type": "Antipublic Logs Cloud",
    "date": 1728484812702
  },
  "37": {
    "files": [
      "400logs_ap#7E9JwjQt.7z"
    ],
    "pass": "6VEyrAqxuDzV",
    "type": "Antipublic Logs Cloud",
    "date": 1728484812702
  },
  "38": {
    "files": [
      "922logs_ap#4sg3wGVz.7z"
    ],
    "pass": "zB8xUCzexWcB",
    "type": "Antipublic Logs Cloud",
    "date": 1728484812702
  },
  "39": {
    "files": [
      "257logs_ap#QBuFVSWd.7z"
    ],
    "pass": "KLuhxs9hqTG3",
    "type": "Antipublic Logs Cloud",
    "date": 1728484812702
  },
  "40": {
    "files": [
      "1137logs_ap#yTNKjEeA.7z"
    ],
    "pass": "QV4grjuPahbv",
    "type": "Antipublic Logs Cloud",
    "date": 1728484812702
  },
  "41": {
    "files": [
      "572_logs-ap#ERd7x.7z"
    ],
    "pass": "0HBk9u4dLi2C",
    "type": "Antipublic Logs Cloud",
    "date": 1728484812702
  },
  "42": {
    "files": [
      "101_logs-ap#Ml7ik.7z"
    ],
    "pass": "szx68mb6FHSs",
    "type": "Antipublic Logs Cloud",
    "date": 1728484812702
  },
  "43": {
    "files": [
      "1000_logs-ap#KFUri.7z"
    ],
    "pass": "G4ys1ap8bSdG",
    "type": "Antipublic Logs Cloud",
    "date": 1728484812702
  },
  "44": {
    "files": [
      "1000_logs-ap#wPKFI.7z"
    ],
    "pass": "Gm0HPmNIw0lU",
    "type": "Antipublic Logs Cloud",
    "date": 1728484812702
  },
  "45": {
    "files": [
      "1000_logs-ap#96K8N.7z"
    ],
    "pass": "mcGmV3sT7qz1",
    "type": "Antipublic Logs Cloud",
    "date": 1728484812702
  },
  "46": {
    "files": [
      "1000_logs-ap#u981l.7z"
    ],
    "pass": "WHVu1Vu7UMK7",
    "type": "Antipublic Logs Cloud",
    "date": 1728484812702
  },
  "47": {
    "files": [
      "1000_logs-ap#zgTbS.7z"
    ],
    "pass": "PXtTijAmbAa7",
    "type": "Antipublic Logs Cloud",
    "date": 1728484812702
  },
  "48": {
    "files": [
      "1000_logs-ap#jpufK.7z"
    ],
    "pass": "JUnp0vn7nhUA",
    "type": "Antipublic Logs Cloud",
    "date": 1728484812702
  },
  "49": {
    "files": [
      "1000_logs-ap#dDRao.7z"
    ],
    "pass": "YSuzCoYgRtT7",
    "type": "Antipublic Logs Cloud",
    "date": 1728484812702
  },
  "50": {
    "files": [
      "1000_logs-ap#El9ue.7z"
    ],
    "pass": "okDZNAwZg0xw",
    "type": "Antipublic Logs Cloud",
    "date": 1728484812702
  },
  "51": {
    "files": [
      "1000_logs-ap#IaP3t.7z"
    ],
    "pass": "4y73BTFUoC4c",
    "type": "Antipublic Logs Cloud",
    "date": 1728484812702
  },
  "52": {
    "files": [
      "1000_logs-ap#SwUQs.7z"
    ],
    "pass": "7ZRNov9Y1vuE",
    "type": "Antipublic Logs Cloud",
    "date": 1728484812702
  },
  "53": {
    "files": [
      "1000_logs-ap#gHETd.7z"
    ],
    "pass": "r4o2uoCbN0Ds",
    "type": "Antipublic Logs Cloud",
    "date": 1728484812702
  },
  "54": {
    "files": [
      "1000_logs-ap#RgAUY.7z"
    ],
    "pass": "M4IhPFUJfg2s",
    "type": "Antipublic Logs Cloud",
    "date": 1728484812702
  },
  "55": {
    "files": [
      "1000_logs-ap#N2yVN.7z"
    ],
    "pass": "YA4u832rS1TP",
    "type": "Antipublic Logs Cloud",
    "date": 1728484812702
  },
  "56": {
    "files": [
      "1000_logs-ap#TDgfM.7z"
    ],
    "pass": "mUOMCuumOFlw",
    "type": "Antipublic Logs Cloud",
    "date": 1728484812702
  },
  "57": {
    "files": [
      "1000_logs-ap#R79xX.7z"
    ],
    "pass": "ltg3W7rLuCBd",
    "type": "Antipublic Logs Cloud",
    "date": 1728484812702
  },
  "58": {
    "files": [
      "1000_logs-ap#cSkeY.7z"
    ],
    "pass": "3ZqbhCLAdiTy",
    "type": "Antipublic Logs Cloud",
    "date": 1728484812702
  },
  "59": {
    "files": [
      "1000_logs-ap#9ICYw.7z"
    ],
    "pass": "a717S41uJ22M",
    "type": "Antipublic Logs Cloud",
    "date": 1728484812702
  },
  "60": {
    "files": [
      "1000_logs-ap#wyDI5.7z"
    ],
    "pass": "DAJJ8Pzf2qM0",
    "type": "Antipublic Logs Cloud",
    "date": 1728484812702
  },
  "61": {
    "files": [
      "1000_logs-ap#tYiIV.7z"
    ],
    "pass": "RlGnu1MXBzYT",
    "type": "Antipublic Logs Cloud",
    "date": 1728484812702
  },
  "62": {
    "files": [
      "1000_logs-ap#YNWvH.7z"
    ],
    "pass": "xs9ca3M5jqTZ",
    "type": "Antipublic Logs Cloud",
    "date": 1728484812702
  },
  "63": {
    "files": [
      "1000_logs-ap#TM0sJ.7z"
    ],
    "pass": "PhmMVg4VN1Fv",
    "type": "Antipublic Logs Cloud",
    "date": 1728484812702
  },
  "64": {
    "files": [
      "1000_logs-ap#zSKw1.7z"
    ],
    "pass": "J3cVpK9PRIpP",
    "type": "Antipublic Logs Cloud",
    "date": 1728484812702
  },
  "65": {
    "files": [
      "1000_logs-ap#lk7jV.7z"
    ],
    "pass": "tBFCDC3t3Xtv",
    "type": "Antipublic Logs Cloud",
    "date": 1728484812702
  },
  "66": {
    "files": [
      "1000_logs-ap#zkCKj.7z"
    ],
    "pass": "YNlODMInkb6U",
    "type": "Antipublic Logs Cloud",
    "date": 1728484812702
  },
  "67": {
    "files": [
      "1000_logs-ap#sbHo1.7z"
    ],
    "pass": "55hDwIgTOPLR",
    "type": "Antipublic Logs Cloud",
    "date": 1728484812702
  },
  "68": {
    "files": [
      "1000_logs-ap#eBRgm.7z"
    ],
    "pass": "pzMOBK5Y5ZtN",
    "type": "Antipublic Logs Cloud",
    "date": 1728484812702
  },
  "69": {
    "files": [
      "1000_logs-ap#oxFnh.7z"
    ],
    "pass": "YVWimFLdw58T",
    "type": "Antipublic Logs Cloud",
    "date": 1728484812702
  },
  "70": {
    "files": [
      "1000_logs-ap#OrhtS.7z"
    ],
    "pass": "qU08hpk0cgjM",
    "type": "Antipublic Logs Cloud",
    "date": 1728484812702
  },
  "71": {
    "files": [
      "1000_logs-ap#oCk6r.7z"
    ],
    "pass": "qPRoAV95smKt",
    "type": "Antipublic Logs Cloud",
    "date": 1728484812702
  },
  "72": {
    "files": [
      "1000_logs-ap#2oJsP.7z"
    ],
    "pass": "TUEMzXK9Stxd",
    "type": "Antipublic Logs Cloud",
    "date": 1728484812702
  },
  "73": {
    "files": [
      "1000_logs-ap#Zb52R.7z"
    ],
    "pass": "fdrrrzH4J6Cb",
    "type": "Antipublic Logs Cloud",
    "date": 1728484812702
  },
  "74": {
    "files": [
      "1000_logs-ap#i3ikD.7z"
    ],
    "pass": "ONBLeYfrQ3Oc",
    "type": "Antipublic Logs Cloud",
    "date": 1728484812702
  },
  "75": {
    "files": [
      "1000_logs-ap#sbnqD.7z"
    ],
    "pass": "69AgL0RiSSzv",
    "type": "Antipublic Logs Cloud",
    "date": 1728484812702
  },
  "76": {
    "files": [
      "1000_logs-ap#vOGkn.7z"
    ],
    "pass": "wdyhnIuohLvI",
    "type": "Antipublic Logs Cloud",
    "date": 1728484812702
  },
  "77": {
    "files": [
      "1000_logs-ap#zNRPH.7z"
    ],
    "pass": "QZgYDEPG2tZS",
    "type": "Antipublic Logs Cloud",
    "date": 1728484812702
  },
  "78": {
    "files": [
      "1000_logs-ap#cqEJO.7z"
    ],
    "pass": "Fa8D6H7zSvr6",
    "type": "Antipublic Logs Cloud",
    "date": 1728484812702
  },
  "79": {
    "files": [
      "1000_logs-ap#2AP5L.7z"
    ],
    "pass": "dic9XVYqeZxm",
    "type": "Antipublic Logs Cloud",
    "date": 1728484812702
  },
  "81": {
    "files": [
      "604_logs-+#ByddD.7z"
    ],
    "pass": "NSkl8PXA0hfO",
    "type": "Hidden",
    "date": 1728495306537
  },
  "82": {
    "files": [
      "762logs_hide#9xrsV2.7z"
    ],
    "pass": "grH9gnQ7crNJ",
    "type": "Hidden",
    "date": 1728495306537
  },
  "83": {
    "files": [
      "1000_logs-+#0u3GU.7z"
    ],
    "pass": "0Hdj5yn3aFQ3",
    "type": "Hidden",
    "date": 1728495306537
  },
  "84": {
    "files": [
      "1000_logs-+#sKtEx.7z"
    ],
    "pass": "P1ksqcSF6Da6",
    "type": "Hidden",
    "date": 1728495306537
  },
  "85": {
    "files": [
      "1000_logs-+#DDeJi.7z"
    ],
    "pass": "pK3IM9GyOiZO",
    "type": "Hidden",
    "date": 1728495306537
  },
  "86": {
    "files": [
      "1000_logs-+#FTIuD.7z"
    ],
    "pass": "vcW01enIRH2Z",
    "type": "Hidden",
    "date": 1728495306537
  },
  "87": {
    "files": [
      "1000_logs-+#W2bKt.7z"
    ],
    "pass": "1zPww7w8xgO1",
    "type": "Hidden",
    "date": 1728495306537
  },
  "88": {
    "files": [
      "1000_logs-+#FjPgB.7z"
    ],
    "pass": "YeMZ43icBted",
    "type": "Hidden",
    "date": 1728495306537
  },
  "89": {
    "files": [
      "1000_logs-+#ddOn0.7z"
    ],
    "pass": "p8qap3jNlHk4",
    "type": "Hidden",
    "date": 1728495306537
  },
  "90": {
    "files": [
      "1000_logs-+#RCH39.7z"
    ],
    "pass": "yUI8HajzCY1L",
    "type": "Hidden",
    "date": 1728495306537
  },
  "91": {
    "files": [
      "1000_logs-+#AyEow.7z"
    ],
    "pass": "FHSRhMEoSX3w",
    "type": "Hidden",
    "date": 1728495306537
  },
  "92": {
    "files": [
      "1000_logs-+#jhe4A.7z"
    ],
    "pass": "ir3KoM0fgWBe",
    "type": "Hidden",
    "date": 1728495306537
  },
  "93": {
    "files": [
      "1000_logs-+#1dVmv.7z"
    ],
    "pass": "Ophs9fO4aWup",
    "type": "Hidden",
    "date": 1728495306537
  },
  "94": {
    "files": [
      "1000_logs-+#z2OXL.7z"
    ],
    "pass": "B0VWzWnONpNc",
    "type": "Hidden",
    "date": 1728495306537
  },
  "95": {
    "files": [
      "1000_logs-+#NP21n.7z"
    ],
    "pass": "0XgXk0EpPqh3",
    "type": "Hidden",
    "date": 1728495306537
  },
  "96": {
    "files": [
      "1000_logs-+#1ZNW2.7z"
    ],
    "pass": "hwwAa1Ju1Oeq",
    "type": "Hidden",
    "date": 1728495306537
  },
  "97": {
    "files": [
      "1000_logs-+#IctyK.7z"
    ],
    "pass": "LZGyCPKwTps4",
    "type": "Hidden",
    "date": 1728495306537
  },
  "98": {
    "files": [
      "287_logs-+#kNdfx.7z"
    ],
    "pass": "ANKVPv8ubWsi",
    "type": "Hidden",
    "date": 1728495306537
  },
  "99": {
    "files": [
      "1kkulp_hide#hWJ6em.7z"
    ],
    "pass": "7QeL7xzc",
    "type": "Hidden",
    "date": 1728495306537
  },
  "100": {
    "files": [
      "823logs_hide#ZnVQD8.7z"
    ],
    "pass": "QuHxrtCLTJmv",
    "type": "Hidden",
    "date": 1728495306537
  },
  "104": {
    "files": [
      "604_logs-+#ByddD.7z"
    ],
    "pass": "NSkl8PXA0hfO",
    "type": "Hidden",
    "date": 1728503562065
  },
  "105": {
    "files": [
      "762logs_hide#9xrsV2.7z"
    ],
    "pass": "grH9gnQ7crNJ",
    "type": "Hidden",
    "date": 1728503562065
  },
  "106": {
    "files": [
      "1000_logs-+#0u3GU.7z"
    ],
    "pass": "0Hdj5yn3aFQ3",
    "type": "Hidden",
    "date": 1728503562065
  },
  "107": {
    "files": [
      "1000_logs-+#sKtEx.7z"
    ],
    "pass": "P1ksqcSF6Da6",
    "type": "Hidden",
    "date": 1728503562065
  },
  "108": {
    "files": [
      "1000_logs-+#DDeJi.7z"
    ],
    "pass": "pK3IM9GyOiZO",
    "type": "Hidden",
    "date": 1728503562065
  },
  "109": {
    "files": [
      "1000_logs-+#FTIuD.7z"
    ],
    "pass": "vcW01enIRH2Z",
    "type": "Hidden",
    "date": 1728503562065
  },
  "110": {
    "files": [
      "1000_logs-+#W2bKt.7z"
    ],
    "pass": "1zPww7w8xgO1",
    "type": "Hidden",
    "date": 1728503562065
  },
  "111": {
    "files": [
      "1000_logs-+#FjPgB.7z"
    ],
    "pass": "YeMZ43icBted",
    "type": "Hidden",
    "date": 1728503562065
  },
  "112": {
    "files": [
      "1000_logs-+#ddOn0.7z"
    ],
    "pass": "p8qap3jNlHk4",
    "type": "Hidden",
    "date": 1728503562065
  },
  "113": {
    "files": [
      "1000_logs-+#RCH39.7z"
    ],
    "pass": "yUI8HajzCY1L",
    "type": "Hidden",
    "date": 1728503562065
  },
  "114": {
    "files": [
      "1000_logs-+#AyEow.7z"
    ],
    "pass": "FHSRhMEoSX3w",
    "type": "Hidden",
    "date": 1728503562066
  },
  "115": {
    "files": [
      "1000_logs-+#jhe4A.7z"
    ],
    "pass": "ir3KoM0fgWBe",
    "type": "Hidden",
    "date": 1728503562066
  },
  "116": {
    "files": [
      "1000_logs-+#1dVmv.7z"
    ],
    "pass": "Ophs9fO4aWup",
    "type": "Hidden",
    "date": 1728503562066
  },
  "117": {
    "files": [
      "1000_logs-+#z2OXL.7z"
    ],
    "pass": "B0VWzWnONpNc",
    "type": "Hidden",
    "date": 1728503562066
  },
  "118": {
    "files": [
      "1000_logs-+#NP21n.7z"
    ],
    "pass": "0XgXk0EpPqh3",
    "type": "Hidden",
    "date": 1728503562066
  },
  "119": {
    "files": [
      "1000_logs-+#1ZNW2.7z"
    ],
    "pass": "hwwAa1Ju1Oeq",
    "type": "Hidden",
    "date": 1728503562066
  },
  "120": {
    "files": [
      "1000_logs-+#IctyK.7z"
    ],
    "pass": "LZGyCPKwTps4",
    "type": "Hidden",
    "date": 1728503562066
  },
  "121": {
    "files": [
      "287_logs-+#kNdfx.7z"
    ],
    "pass": "ANKVPv8ubWsi",
    "type": "Hidden",
    "date": 1728503562066
  },
  "122": {
    "files": [
      "1kkulp_hide#hWJ6em.7z"
    ],
    "pass": "7QeL7xzc",
    "type": "Hidden",
    "date": 1728503562066
  },
  "123": {
    "files": [
      "823logs_hide#ZnVQD8.7z"
    ],
    "pass": "QuHxrtCLTJmv",
    "type": "Hidden",
    "date": 1728503562066
  }
}