{
  "6448888035": {
    "status": "AntiAndHidden",
    "expirationDate": "None",
    "userName": "Rustiktam",
    "ban": false,
    "profileText": "",
    "lang": "Русский"
  },
  "5910891839": {
    "status": "AntiAndHidden",
    "expirationDate": "None",
    "userName": "username921329",
    "ban": false,
    "profileText": "",
    "lang": "English"
  },
  "6865509414": {
    "status": "AntiAndHidden",
    "expirationDate": "None",
    "userName": "undefined",
    "ban": false,
    "profileText": "",
    "lang": "English"
  }
}