{
  "1": {
    "files": [
      ""
    ],
    "pass": "pass",
    "type": "Antipublic Logs Cloud",
    "date": 1728498921768,
    "size": "100"
  },
  "2": {
    "files": [
      "old_valid2021#1.7z"
    ],
    "pass": "3H9bFPBrFEDw",
    "type": "Antipublic Logs Cloud",
    "date": 1728763857419
  },
  "3": {
    "files": [
      "23kkgameshop#3.7z"
    ],
    "pass": " xwsqgd3PgtPL",
    "type": "Antipublic Logs Cloud",
    "date": 1728763857419
  },
  "4": {
    "files": [
      "old_valid2021#2.7z"
    ],
    "pass": "e3hs7fsuV3C3",
    "type": "Antipublic Logs Cloud",
    "date": 1728763857419
  },
  "5": {
    "files": [
      "olddumps_mailpass#1.7z"
    ],
    "pass": "U4kBB5EkLYpz",
    "type": "Antipublic Logs Cloud",
    "date": 1728763857419
  },
  "6": {
    "files": [
      "old_valid2021#3.7z"
    ],
    "pass": "rMAKjqyX7V8G",
    "type": "Antipublic Logs Cloud",
    "date": 1728763857419
  },
  "7": {
    "files": [
      "bbtcap_2019.7z.001",
      "bbtcap_2019.7z.0012"
    ],
    "pass": "aGAeDQz5aXYn",
    "type": "Antipublic Logs Cloud",
    "date": 1728763857419
  },
  "8": {
    "files": [
      "old_valid#4.7z"
    ],
    "pass": "Ac4ENsvZxjcx",
    "type": "Antipublic Logs Cloud",
    "date": 1728763857419
  },
  "9": {
    "files": [
      "btc28kk_mailpass.7z"
    ],
    "pass": "ccyFd2yNVF3N",
    "type": "Antipublic Logs Cloud",
    "date": 1728763857419
  },
  "10": {
    "files": [
      "old_Valid#5_2021.7z"
    ],
    "pass": "J7uH3HPTZrLS",
    "type": "Antipublic Logs Cloud",
    "date": 1728763857419
  },
  "11": {
    "files": [
      "btc17kkmailpass.7z"
    ],
    "pass": "KNsw8danxrRf",
    "type": "Antipublic Logs Cloud",
    "date": 1728763857419
  },
  "12": {
    "files": [
      "23kk_btcmailpass.7z"
    ],
    "pass": " nmYrxEwurjNt",
    "type": "Antipublic Logs Cloud",
    "date": 1728763857419
  },
  "13": {
    "files": [
      "oldcrypto_mailpass#1.7z"
    ],
    "pass": "KLd4GQPHNzEG",
    "type": "Antipublic Logs Cloud",
    "date": 1728763857419
  },
  "14": {
    "files": [
      "btc15kkmailpass.7z"
    ],
    "pass": "8VSakNpyfymr",
    "type": "Antipublic Logs Cloud",
    "date": 1728763857419
  },
  "15": {
    "files": [
      "cryptoapb2020.7z.001",
      "cryptoapb2020.7z.002",
      "cryptoapb2020.7z.003"
    ],
    "pass": "VuvNJZmBqRYM",
    "type": "Antipublic Logs Cloud",
    "date": 1728763857419
  },
  "16": {
    "files": [
      "109kkcombopack#2.7z.001",
      "109kkcombopack#2.7z.002"
    ],
    "pass": "Lnvyd4DfDJkm",
    "type": "Antipublic Logs Cloud",
    "date": 1728763857419
  },
  "17": {
    "files": [
      "fatelivelogs_3.7z.001",
      "fatelivelogs_3.7z.002",
      "fatelivelogs_3.7z.003",
      "fatelivelogs_3.7z.004",
      "fatelivelogs_3.7z.005",
      "fatelivelogs_3.7z.006",
      "fatelivelogs_3.7z.007",
      "fatelivelogs_3.7z.008",
      "fatelivelogs_3.7z.009",
      "fatelivelogs_3.7z.010"
    ],
    "pass": "FE6xwexYjhfJ",
    "type": "Antipublic Logs Cloud",
    "date": 1728763857419
  },
  "18": {
    "files": [
      "12kk_logpass#01.7z"
    ],
    "pass": "5LMHMWKKKeBr",
    "type": "Antipublic Logs Cloud",
    "date": 1728763857419
  },
  "19": {
    "files": [
      "114kk_combopack_mix@BJJAKL.7z"
    ],
    "pass": "2bkzHTM4DkfH",
    "type": "Antipublic Logs Cloud",
    "date": 1728763857419
  },
  "20": {
    "files": [
      "106kk_mixcombo@zjnHqw.7z"
    ],
    "pass": "4yRjnANMxhTb",
    "type": "Antipublic Logs Cloud",
    "date": 1728763857419
  },
  "21": {
    "files": [
      "22kk_numpass_mix@84JA3E.7z"
    ],
    "pass": "PY9Wr7G9zft6",
    "type": "Antipublic Logs Cloud",
    "date": 1728763857419
  },
  "22": {
    "files": [
      "318kk_combopack@D5VeWf.7z.001",
      "318kk_combopack@D5VeWf.7z.002",
      "318kk_combopack@D5VeWf.7z.003",
      "318kk_combopack@D5VeWf.7z.004"
    ],
    "pass": "7WXm9YtUtpHY",
    "type": "Antipublic Logs Cloud",
    "date": 1728763857419
  },
  "23": {
    "files": [
      "150dbsy@3b5Zjh.7z"
    ],
    "pass": "ZR2g94tZpHCN",
    "type": "Antipublic Logs Cloud",
    "date": 1728763857419
  },
  "24": {
    "files": [
      "bigdumps47gb@YKKxrjZ.7z.001",
      "bigdumps47gb@YKKxrjZ.7z.002",
      "bigdumps47gb@YKKxrjZ.7z.003",
      "bigdumps47gb@YKKxrjZ.7z.004",
      "bigdumps47gb@YKKxrjZ.7z.005",
      "bigdumps47gb@YKKxrjZ.7z.006",
      "bigdumps47gb@YKKxrjZ.7z.007"
    ],
    "pass": "HC4XKnvuTBaX",
    "type": "Antipublic Logs Cloud",
    "date": 1728763857419
  },
  "25": {
    "files": [
      "50dbs@wmwcNcU.7z"
    ],
    "pass": "YbPZADGrMPDC",
    "type": "Antipublic Logs Cloud",
    "date": 1728763857419
  },
  "26": {
    "files": [
      "20dbs2024@deh9sbf.7z.001",
      "20dbs2024@deh9sbf.7z.002",
      "20dbs2024@deh9sbf.7z.003",
      "20dbs2024@deh9sbf.7z.004"
    ],
    "pass": "72GrJbJ5tqMB",
    "type": "Antipublic Logs Cloud",
    "date": 1728763857419
  }
}